2026-02-26T01:54:38.157340,admin_legacy,RUN_RESILIENCE_PIPELINE,SA_EAST_RU_01:PUMP_RU_01,SUCCESS
2026-02-26T01:57:23.449902,admin_legacy,RUN_RESILIENCE_PIPELINE,SA_EAST_RU_01:PUMP_RU_01,SUCCESS
2026-02-26T01:57:26.349207,admin_legacy,RUN_RESILIENCE_PIPELINE,SA_EAST_RU_01:PUMP_RU_01,SUCCESS
2026-02-26T01:57:27.721778,admin_legacy,RUN_RESILIENCE_PIPELINE,SA_EAST_RU_01:PUMP_RU_01,SUCCESS
2026-02-26T01:57:28.236794,admin_legacy,RUN_RESILIENCE_PIPELINE,SA_EAST_RU_01:PUMP_RU_01,SUCCESS
2026-02-26T01:57:32.204876,admin_legacy,RUN_RESILIENCE_PIPELINE,SA_EAST_RU_01:PUMP_RU_01,SUCCESS
2026-02-26T01:57:50.382711,admin_legacy,RUN_RESILIENCE_PIPELINE,SA_EAST_RU_01:PUMP_RU_01,SUCCESS
2026-02-26T01:57:54.367101,admin_legacy,RUN_RESILIENCE_PIPELINE,SA_EAST_RU_01:PUMP_RU_01,SUCCESS
2026-02-26T01:57:58.052735,admin_legacy,RUN_RESILIENCE_PIPELINE,SA_EAST_RU_01:PUMP_RU_01,SUCCESS
2026-02-26T01:58:02.265303,admin_legacy,RUN_RESILIENCE_PIPELINE,SA_EAST_RU_01:PUMP_RU_01,SUCCESS
2026-02-26T01:58:06.021923,admin_legacy,RUN_RESILIENCE_PIPELINE,SA_EAST_RU_01:PUMP_RU_01,SUCCESS
2026-02-26T01:58:09.934966,admin_legacy,RUN_RESILIENCE_PIPELINE,SA_EAST_RU_01:PUMP_RU_01,SUCCESS
2026-02-26T01:58:13.955117,admin_legacy,RUN_RESILIENCE_PIPELINE,SA_EAST_RU_01:PUMP_RU_01,SUCCESS
2026-02-26T01:58:17.941892,admin_legacy,RUN_RESILIENCE_PIPELINE,SA_EAST_RU_01:PUMP_RU_01,SUCCESS
2026-02-26T01:58:21.953548,admin_legacy,RUN_RESILIENCE_PIPELINE,SA_EAST_RU_01:PUMP_RU_01,SUCCESS
2026-02-26T01:58:25.960719,admin_legacy,RUN_RESILIENCE_PIPELINE,SA_EAST_RU_01:PUMP_RU_01,SUCCESS
2026-02-26T01:58:29.946384,admin_legacy,RUN_RESILIENCE_PIPELINE,SA_EAST_RU_01:PUMP_RU_01,SUCCESS
2026-02-26T01:58:33.947932,admin_legacy,RUN_RESILIENCE_PIPELINE,SA_EAST_RU_01:PUMP_RU_01,SUCCESS
2026-02-26T01:58:37.941323,admin_legacy,RUN_RESILIENCE_PIPELINE,SA_EAST_RU_01:PUMP_RU_01,SUCCESS
2026-02-26T01:58:41.945304,admin_legacy,RUN_RESILIENCE_PIPELINE,SA_EAST_RU_01:PUMP_RU_01,SUCCESS
2026-02-26T01:58:45.969162,admin_legacy,RUN_RESILIENCE_PIPELINE,SA_EAST_RU_01:PUMP_RU_01,SUCCESS
2026-02-26T01:58:49.933457,admin_legacy,RUN_RESILIENCE_PIPELINE,SA_EAST_RU_01:PUMP_RU_01,SUCCESS
2026-02-26T01:58:53.965770,admin_legacy,RUN_RESILIENCE_PIPELINE,SA_EAST_RU_01:PUMP_RU_01,SUCCESS
2026-02-26T01:58:57.969232,admin_legacy,RUN_RESILIENCE_PIPELINE,SA_EAST_RU_01:PUMP_RU_01,SUCCESS
2026-02-26T01:59:01.939673,admin_legacy,RUN_RESILIENCE_PIPELINE,SA_EAST_RU_01:PUMP_RU_01,SUCCESS
2026-02-26T01:59:06.726658,admin_legacy,RUN_RESILIENCE_PIPELINE,SA_EAST_RU_01:PUMP_RU_01,SUCCESS
2026-02-26T01:59:10.725712,admin_legacy,RUN_RESILIENCE_PIPELINE,SA_EAST_RU_01:PUMP_RU_01,SUCCESS
2026-02-26T01:59:14.733142,admin_legacy,RUN_RESILIENCE_PIPELINE,SA_EAST_RU_01:PUMP_RU_01,SUCCESS
2026-02-26T01:59:18.749752,admin_legacy,RUN_RESILIENCE_PIPELINE,SA_EAST_RU_01:PUMP_RU_01,SUCCESS
2026-02-26T01:59:22.712000,admin_legacy,RUN_RESILIENCE_PIPELINE,SA_EAST_RU_01:PUMP_RU_01,SUCCESS
2026-02-26T01:59:26.734838,admin_legacy,RUN_RESILIENCE_PIPELINE,SA_EAST_RU_01:PUMP_RU_01,SUCCESS
2026-02-26T01:59:30.723383,admin_legacy,RUN_RESILIENCE_PIPELINE,SA_EAST_RU_01:PUMP_RU_01,SUCCESS
2026-02-26T01:59:34.738982,admin_legacy,RUN_RESILIENCE_PIPELINE,SA_EAST_RU_01:PUMP_RU_01,SUCCESS
2026-02-26T01:59:38.743702,admin_legacy,RUN_RESILIENCE_PIPELINE,SA_EAST_RU_01:PUMP_RU_01,SUCCESS
2026-02-26T01:59:42.726601,admin_legacy,RUN_RESILIENCE_PIPELINE,SA_EAST_RU_01:PUMP_RU_01,SUCCESS
2026-02-26T01:59:46.726824,admin_legacy,RUN_RESILIENCE_PIPELINE,SA_EAST_RU_01:PUMP_RU_01,SUCCESS
2026-02-26T01:59:50.738480,admin_legacy,RUN_RESILIENCE_PIPELINE,SA_EAST_RU_01:PUMP_RU_01,SUCCESS
2026-02-26T01:59:54.738249,admin_legacy,RUN_RESILIENCE_PIPELINE,SA_EAST_RU_01:PUMP_RU_01,SUCCESS
2026-02-26T01:59:58.716220,admin_legacy,RUN_RESILIENCE_PIPELINE,SA_EAST_RU_01:PUMP_RU_01,SUCCESS
2026-02-26T02:00:18.020465,admin_legacy,RUN_RESILIENCE_PIPELINE,SA_EAST_RU_01:PUMP_RU_01,SUCCESS
2026-02-26T02:01:17.724002,admin_legacy,RUN_RESILIENCE_PIPELINE,SA_EAST_RU_01:PUMP_RU_01,SUCCESS
2026-02-26T02:02:18.018799,admin_legacy,RUN_RESILIENCE_PIPELINE,SA_EAST_RU_01:PUMP_RU_01,SUCCESS
2026-02-26T02:03:17.713896,admin_legacy,RUN_RESILIENCE_PIPELINE,SA_EAST_RU_01:PUMP_RU_01,SUCCESS
2026-02-26T02:04:18.057114,admin_legacy,RUN_RESILIENCE_PIPELINE,SA_EAST_RU_01:PUMP_RU_01,SUCCESS
2026-02-26T02:05:17.731318,admin_legacy,RUN_RESILIENCE_PIPELINE,SA_EAST_RU_01:PUMP_RU_01,SUCCESS
2026-02-26T02:06:18.026538,admin_legacy,RUN_RESILIENCE_PIPELINE,SA_EAST_RU_01:PUMP_RU_01,SUCCESS
2026-02-26T02:07:17.700416,admin_legacy,RUN_RESILIENCE_PIPELINE,SA_EAST_RU_01:PUMP_RU_01,SUCCESS
2026-02-26T02:08:18.027769,admin_legacy,RUN_RESILIENCE_PIPELINE,SA_EAST_RU_01:PUMP_RU_01,SUCCESS
2026-02-26T02:09:17.710519,admin_legacy,RUN_RESILIENCE_PIPELINE,SA_EAST_RU_01:PUMP_RU_01,SUCCESS
2026-02-26T02:10:18.001311,admin_legacy,RUN_RESILIENCE_PIPELINE,SA_EAST_RU_01:PUMP_RU_01,SUCCESS
2026-02-26T02:11:17.699955,admin_legacy,RUN_RESILIENCE_PIPELINE,SA_EAST_RU_01:PUMP_RU_01,SUCCESS
2026-02-26T02:12:18.013205,admin_legacy,RUN_RESILIENCE_PIPELINE,SA_EAST_RU_01:PUMP_RU_01,SUCCESS
2026-02-26T02:13:17.702787,admin_legacy,RUN_RESILIENCE_PIPELINE,SA_EAST_RU_01:PUMP_RU_01,SUCCESS
2026-02-26T02:14:18.033698,admin_legacy,RUN_RESILIENCE_PIPELINE,SA_EAST_RU_01:PUMP_RU_01,SUCCESS
2026-02-26T02:15:17.714673,admin_legacy,RUN_RESILIENCE_PIPELINE,SA_EAST_RU_01:PUMP_RU_01,SUCCESS
2026-02-26T02:15:19.314416,admin_legacy,RUN_RESILIENCE_PIPELINE,SA_EAST_RU_01:PUMP_RU_01,SUCCESS
2026-02-26T02:15:21.943012,admin_legacy,RUN_RESILIENCE_PIPELINE,SA_EAST_RU_01:PUMP_RU_01,SUCCESS
2026-02-26T02:15:25.942486,admin_legacy,RUN_RESILIENCE_PIPELINE,SA_EAST_RU_01:PUMP_RU_01,SUCCESS
2026-02-26T02:15:29.944079,admin_legacy,RUN_RESILIENCE_PIPELINE,SA_EAST_RU_01:PUMP_RU_01,SUCCESS
2026-02-26T02:15:33.929244,admin_legacy,RUN_RESILIENCE_PIPELINE,SA_EAST_RU_01:PUMP_RU_01,SUCCESS
2026-02-26T02:15:37.945754,admin_legacy,RUN_RESILIENCE_PIPELINE,SA_EAST_RU_01:PUMP_RU_01,SUCCESS
2026-02-26T02:15:41.938882,admin_legacy,RUN_RESILIENCE_PIPELINE,SA_EAST_RU_01:PUMP_RU_01,SUCCESS
2026-02-26T02:15:45.941637,admin_legacy,RUN_RESILIENCE_PIPELINE,SA_EAST_RU_01:PUMP_RU_01,SUCCESS
2026-02-26T02:15:49.941271,admin_legacy,RUN_RESILIENCE_PIPELINE,SA_EAST_RU_01:PUMP_RU_01,SUCCESS
2026-02-26T02:15:53.943179,admin_legacy,RUN_RESILIENCE_PIPELINE,SA_EAST_RU_01:PUMP_RU_01,SUCCESS
2026-02-26T02:15:57.143750,admin_legacy,RUN_RESILIENCE_PIPELINE,SA_EAST_RU_01:PUMP_RU_01,SUCCESS
2026-02-26T02:15:57.933099,admin_legacy,RUN_RESILIENCE_PIPELINE,SA_EAST_RU_01:PUMP_RU_01,SUCCESS
2026-02-26T02:15:58.092315,admin_legacy,RUN_RESILIENCE_PIPELINE,SA_EAST_RU_01:PUMP_RU_01,SUCCESS
2026-02-26T02:15:58.891183,admin_legacy,RUN_RESILIENCE_PIPELINE,SA_EAST_RU_01:PUMP_RU_01,SUCCESS
2026-02-26T02:16:01.938525,admin_legacy,RUN_RESILIENCE_PIPELINE,SA_EAST_RU_01:PUMP_RU_01,SUCCESS
2026-02-26T02:16:02.207116,admin_legacy,RUN_RESILIENCE_PIPELINE,SA_EAST_RU_01:PUMP_RU_01,SUCCESS
2026-02-26T02:16:03.770575,admin_legacy,RUN_RESILIENCE_PIPELINE,SA_EAST_RU_01:PUMP_RU_01,SUCCESS
2026-02-26T02:16:05.262976,admin_legacy,RUN_RESILIENCE_PIPELINE,SA_EAST_RU_01:PUMP_RU_01,SUCCESS
2026-02-26T02:16:05.943651,admin_legacy,RUN_RESILIENCE_PIPELINE,SA_EAST_RU_01:PUMP_RU_01,SUCCESS
2026-02-26T02:16:09.962456,admin_legacy,RUN_RESILIENCE_PIPELINE,SA_EAST_RU_01:PUMP_RU_01,SUCCESS
2026-02-26T02:16:10.763875,admin_legacy,RUN_RESILIENCE_PIPELINE,SA_WEST_CO_02:PUMP_CO_02,SUCCESS
2026-02-26T02:16:13.611462,admin_legacy,RUN_RESILIENCE_PIPELINE,SA_EAST_RU_01:PUMP_RU_01,SUCCESS
2026-02-26T02:16:13.932006,admin_legacy,RUN_RESILIENCE_PIPELINE,SA_EAST_RU_01:PUMP_RU_01,SUCCESS
2026-02-26T02:16:17.968040,admin_legacy,RUN_RESILIENCE_PIPELINE,SA_EAST_RU_01:PUMP_RU_01,SUCCESS
2026-02-26T02:16:21.938798,admin_legacy,RUN_RESILIENCE_PIPELINE,SA_EAST_RU_01:PUMP_RU_01,SUCCESS
2026-02-26T02:16:25.938567,admin_legacy,RUN_RESILIENCE_PIPELINE,SA_EAST_RU_01:PUMP_RU_01,SUCCESS
2026-02-26T02:16:29.941738,admin_legacy,RUN_RESILIENCE_PIPELINE,SA_EAST_RU_01:PUMP_RU_01,SUCCESS
2026-02-26T02:16:33.937241,admin_legacy,RUN_RESILIENCE_PIPELINE,SA_EAST_RU_01:PUMP_RU_01,SUCCESS
2026-02-26T02:16:37.932971,admin_legacy,RUN_RESILIENCE_PIPELINE,SA_EAST_RU_01:PUMP_RU_01,SUCCESS
2026-02-26T02:16:41.934570,admin_legacy,RUN_RESILIENCE_PIPELINE,SA_EAST_RU_01:PUMP_RU_01,SUCCESS
2026-02-26T02:16:45.932146,admin_legacy,RUN_RESILIENCE_PIPELINE,SA_EAST_RU_01:PUMP_RU_01,SUCCESS
2026-02-26T02:16:49.931704,admin_legacy,RUN_RESILIENCE_PIPELINE,SA_EAST_RU_01:PUMP_RU_01,SUCCESS
2026-02-26T02:16:53.935800,admin_legacy,RUN_RESILIENCE_PIPELINE,SA_EAST_RU_01:PUMP_RU_01,SUCCESS
2026-02-26T02:16:57.937395,admin_legacy,RUN_RESILIENCE_PIPELINE,SA_EAST_RU_01:PUMP_RU_01,SUCCESS
2026-02-26T02:17:01.933286,admin_legacy,RUN_RESILIENCE_PIPELINE,SA_EAST_RU_01:PUMP_RU_01,SUCCESS
2026-02-26T02:17:05.935914,admin_legacy,RUN_RESILIENCE_PIPELINE,SA_EAST_RU_01:PUMP_RU_01,SUCCESS
2026-02-26T02:17:09.937195,admin_legacy,RUN_RESILIENCE_PIPELINE,SA_EAST_RU_01:PUMP_RU_01,SUCCESS
2026-02-26T02:17:13.933984,admin_legacy,RUN_RESILIENCE_PIPELINE,SA_EAST_RU_01:PUMP_RU_01,SUCCESS
2026-02-26T02:17:17.929786,admin_legacy,RUN_RESILIENCE_PIPELINE,SA_EAST_RU_01:PUMP_RU_01,SUCCESS
2026-02-26T02:17:21.934164,admin_legacy,RUN_RESILIENCE_PIPELINE,SA_EAST_RU_01:PUMP_RU_01,SUCCESS
2026-02-26T02:17:25.929807,admin_legacy,RUN_RESILIENCE_PIPELINE,SA_EAST_RU_01:PUMP_RU_01,SUCCESS
2026-02-26T02:17:29.937030,admin_legacy,RUN_RESILIENCE_PIPELINE,SA_EAST_RU_01:PUMP_RU_01,SUCCESS
2026-02-26T02:17:33.937399,admin_legacy,RUN_RESILIENCE_PIPELINE,SA_EAST_RU_01:PUMP_RU_01,SUCCESS
2026-02-26T02:17:37.929400,admin_legacy,RUN_RESILIENCE_PIPELINE,SA_EAST_RU_01:PUMP_RU_01,SUCCESS
2026-02-26T02:17:41.935785,admin_legacy,RUN_RESILIENCE_PIPELINE,SA_EAST_RU_01:PUMP_RU_01,SUCCESS
2026-02-26T02:17:45.934689,admin_legacy,RUN_RESILIENCE_PIPELINE,SA_EAST_RU_01:PUMP_RU_01,SUCCESS
2026-02-26T02:17:49.934443,admin_legacy,RUN_RESILIENCE_PIPELINE,SA_EAST_RU_01:PUMP_RU_01,SUCCESS
2026-02-26T02:17:53.934356,admin_legacy,RUN_RESILIENCE_PIPELINE,SA_EAST_RU_01:PUMP_RU_01,SUCCESS
2026-02-26T02:17:57.936600,admin_legacy,RUN_RESILIENCE_PIPELINE,SA_EAST_RU_01:PUMP_RU_01,SUCCESS
2026-02-26T02:18:01.934953,admin_legacy,RUN_RESILIENCE_PIPELINE,SA_EAST_RU_01:PUMP_RU_01,SUCCESS
2026-02-26T02:18:05.935039,admin_legacy,RUN_RESILIENCE_PIPELINE,SA_EAST_RU_01:PUMP_RU_01,SUCCESS
2026-02-26T02:18:09.938634,admin_legacy,RUN_RESILIENCE_PIPELINE,SA_EAST_RU_01:PUMP_RU_01,SUCCESS
2026-02-26T02:18:13.928371,admin_legacy,RUN_RESILIENCE_PIPELINE,SA_EAST_RU_01:PUMP_RU_01,SUCCESS
2026-02-26T02:18:17.937433,admin_legacy,RUN_RESILIENCE_PIPELINE,SA_EAST_RU_01:PUMP_RU_01,SUCCESS
2026-02-26T02:18:21.931277,admin_legacy,RUN_RESILIENCE_PIPELINE,SA_EAST_RU_01:PUMP_RU_01,SUCCESS
2026-02-26T02:18:25.935929,admin_legacy,RUN_RESILIENCE_PIPELINE,SA_EAST_RU_01:PUMP_RU_01,SUCCESS
2026-02-26T02:18:29.931542,admin_legacy,RUN_RESILIENCE_PIPELINE,SA_EAST_RU_01:PUMP_RU_01,SUCCESS
2026-02-26T02:18:33.937409,admin_legacy,RUN_RESILIENCE_PIPELINE,SA_EAST_RU_01:PUMP_RU_01,SUCCESS
2026-02-26T02:18:37.933519,admin_legacy,RUN_RESILIENCE_PIPELINE,SA_EAST_RU_01:PUMP_RU_01,SUCCESS
2026-02-26T02:18:41.938541,admin_legacy,RUN_RESILIENCE_PIPELINE,SA_EAST_RU_01:PUMP_RU_01,SUCCESS
2026-02-26T02:18:45.937184,admin_legacy,RUN_RESILIENCE_PIPELINE,SA_EAST_RU_01:PUMP_RU_01,SUCCESS
2026-02-26T02:18:49.929196,admin_legacy,RUN_RESILIENCE_PIPELINE,SA_EAST_RU_01:PUMP_RU_01,SUCCESS
2026-02-26T02:18:53.939801,admin_legacy,RUN_RESILIENCE_PIPELINE,SA_EAST_RU_01:PUMP_RU_01,SUCCESS
2026-02-26T02:18:57.934224,admin_legacy,RUN_RESILIENCE_PIPELINE,SA_EAST_RU_01:PUMP_RU_01,SUCCESS
2026-02-26T02:19:01.931033,admin_legacy,RUN_RESILIENCE_PIPELINE,SA_EAST_RU_01:PUMP_RU_01,SUCCESS
2026-02-26T02:19:05.937747,admin_legacy,RUN_RESILIENCE_PIPELINE,SA_EAST_RU_01:PUMP_RU_01,SUCCESS
2026-02-26T02:19:09.933644,admin_legacy,RUN_RESILIENCE_PIPELINE,SA_EAST_RU_01:PUMP_RU_01,SUCCESS
2026-02-26T02:19:13.936050,admin_legacy,RUN_RESILIENCE_PIPELINE,SA_EAST_RU_01:PUMP_RU_01,SUCCESS
2026-02-26T02:19:16.792737,admin_legacy,RUN_RESILIENCE_PIPELINE,SA_EAST_RU_01:PUMP_RU_01,SUCCESS
2026-02-26T02:19:17.144261,admin_legacy,RUN_RESILIENCE_PIPELINE,SA_EAST_RU_01:PUMP_RU_01,SUCCESS
2026-02-26T02:19:17.765964,admin_legacy,RUN_RESILIENCE_PIPELINE,SA_EAST_RU_01:PUMP_RU_01,SUCCESS
2026-02-26T02:19:18.125688,admin_legacy,RUN_RESILIENCE_PIPELINE,SA_EAST_RU_01:PUMP_RU_01,SUCCESS
2026-02-26T02:19:22.129288,admin_legacy,RUN_RESILIENCE_PIPELINE,SA_EAST_RU_01:PUMP_RU_01,SUCCESS
2026-02-26T02:19:26.134538,admin_legacy,RUN_RESILIENCE_PIPELINE,SA_EAST_RU_01:PUMP_RU_01,SUCCESS
2026-02-26T02:19:30.136668,admin_legacy,RUN_RESILIENCE_PIPELINE,SA_EAST_RU_01:PUMP_RU_01,SUCCESS
2026-02-26T02:19:34.133083,admin_legacy,RUN_RESILIENCE_PIPELINE,SA_EAST_RU_01:PUMP_RU_01,SUCCESS
2026-02-26T02:19:38.125836,admin_legacy,RUN_RESILIENCE_PIPELINE,SA_EAST_RU_01:PUMP_RU_01,SUCCESS
2026-02-26T02:19:42.141264,admin_legacy,RUN_RESILIENCE_PIPELINE,SA_EAST_RU_01:PUMP_RU_01,SUCCESS
2026-02-26T02:19:46.143693,admin_legacy,RUN_RESILIENCE_PIPELINE,SA_EAST_RU_01:PUMP_RU_01,SUCCESS
2026-02-26T02:19:50.128300,admin_legacy,RUN_RESILIENCE_PIPELINE,SA_EAST_RU_01:PUMP_RU_01,SUCCESS
2026-02-26T02:19:54.139803,admin_legacy,RUN_RESILIENCE_PIPELINE,SA_EAST_RU_01:PUMP_RU_01,SUCCESS
2026-02-26T02:19:58.126567,admin_legacy,RUN_RESILIENCE_PIPELINE,SA_EAST_RU_01:PUMP_RU_01,SUCCESS
2026-02-26T02:20:02.129320,admin_legacy,RUN_RESILIENCE_PIPELINE,SA_EAST_RU_01:PUMP_RU_01,SUCCESS
2026-02-26T02:20:06.131782,admin_legacy,RUN_RESILIENCE_PIPELINE,SA_EAST_RU_01:PUMP_RU_01,SUCCESS
2026-02-26T02:20:10.136814,admin_legacy,RUN_RESILIENCE_PIPELINE,SA_EAST_RU_01:PUMP_RU_01,SUCCESS
2026-02-26T02:20:14.129335,admin_legacy,RUN_RESILIENCE_PIPELINE,SA_EAST_RU_01:PUMP_RU_01,SUCCESS
2026-02-26T02:20:18.135150,admin_legacy,RUN_RESILIENCE_PIPELINE,SA_EAST_RU_01:PUMP_RU_01,SUCCESS
2026-02-26T02:20:22.125667,admin_legacy,RUN_RESILIENCE_PIPELINE,SA_EAST_RU_01:PUMP_RU_01,SUCCESS
2026-02-26T02:20:26.131918,admin_legacy,RUN_RESILIENCE_PIPELINE,SA_EAST_RU_01:PUMP_RU_01,SUCCESS
2026-02-26T02:20:30.135684,admin_legacy,RUN_RESILIENCE_PIPELINE,SA_EAST_RU_01:PUMP_RU_01,SUCCESS
2026-02-26T02:20:34.131703,admin_legacy,RUN_RESILIENCE_PIPELINE,SA_EAST_RU_01:PUMP_RU_01,SUCCESS
2026-02-26T02:20:38.133140,admin_legacy,RUN_RESILIENCE_PIPELINE,SA_EAST_RU_01:PUMP_RU_01,SUCCESS
2026-02-26T02:20:42.133520,admin_legacy,RUN_RESILIENCE_PIPELINE,SA_EAST_RU_01:PUMP_RU_01,SUCCESS
2026-02-26T02:20:46.128221,admin_legacy,RUN_RESILIENCE_PIPELINE,SA_EAST_RU_01:PUMP_RU_01,SUCCESS
2026-02-26T02:20:50.124756,admin_legacy,RUN_RESILIENCE_PIPELINE,SA_EAST_RU_01:PUMP_RU_01,SUCCESS
2026-02-26T02:20:54.133348,admin_legacy,RUN_RESILIENCE_PIPELINE,SA_EAST_RU_01:PUMP_RU_01,SUCCESS
2026-02-26T02:20:58.138255,admin_legacy,RUN_RESILIENCE_PIPELINE,SA_EAST_RU_01:PUMP_RU_01,SUCCESS
2026-02-26T02:21:02.136014,admin_legacy,RUN_RESILIENCE_PIPELINE,SA_EAST_RU_01:PUMP_RU_01,SUCCESS
2026-02-26T02:21:06.131631,admin_legacy,RUN_RESILIENCE_PIPELINE,SA_EAST_RU_01:PUMP_RU_01,SUCCESS
2026-02-26T02:21:10.134337,admin_legacy,RUN_RESILIENCE_PIPELINE,SA_EAST_RU_01:PUMP_RU_01,SUCCESS
2026-02-26T02:21:14.128562,admin_legacy,RUN_RESILIENCE_PIPELINE,SA_EAST_RU_01:PUMP_RU_01,SUCCESS
2026-02-26T02:21:18.133277,admin_legacy,RUN_RESILIENCE_PIPELINE,SA_EAST_RU_01:PUMP_RU_01,SUCCESS
2026-02-26T02:21:22.137436,admin_legacy,RUN_RESILIENCE_PIPELINE,SA_EAST_RU_01:PUMP_RU_01,SUCCESS
2026-02-26T02:21:26.134017,admin_legacy,RUN_RESILIENCE_PIPELINE,SA_EAST_RU_01:PUMP_RU_01,SUCCESS
2026-02-26T02:21:30.131816,admin_legacy,RUN_RESILIENCE_PIPELINE,SA_EAST_RU_01:PUMP_RU_01,SUCCESS
2026-02-26T02:21:34.133929,admin_legacy,RUN_RESILIENCE_PIPELINE,SA_EAST_RU_01:PUMP_RU_01,SUCCESS
2026-02-26T02:21:38.140311,admin_legacy,RUN_RESILIENCE_PIPELINE,SA_EAST_RU_01:PUMP_RU_01,SUCCESS
2026-02-26T02:21:42.134524,admin_legacy,RUN_RESILIENCE_PIPELINE,SA_EAST_RU_01:PUMP_RU_01,SUCCESS
2026-02-26T02:21:46.137387,admin_legacy,RUN_RESILIENCE_PIPELINE,SA_EAST_RU_01:PUMP_RU_01,SUCCESS
2026-02-26T02:21:50.127331,admin_legacy,RUN_RESILIENCE_PIPELINE,SA_EAST_RU_01:PUMP_RU_01,SUCCESS
2026-02-26T02:21:54.136124,admin_legacy,RUN_RESILIENCE_PIPELINE,SA_EAST_RU_01:PUMP_RU_01,SUCCESS
2026-02-26T02:21:58.137150,admin_legacy,RUN_RESILIENCE_PIPELINE,SA_EAST_RU_01:PUMP_RU_01,SUCCESS
2026-02-26T02:22:02.136013,admin_legacy,RUN_RESILIENCE_PIPELINE,SA_EAST_RU_01:PUMP_RU_01,SUCCESS
2026-02-26T02:22:06.124797,admin_legacy,RUN_RESILIENCE_PIPELINE,SA_EAST_RU_01:PUMP_RU_01,SUCCESS
2026-02-26T02:22:10.134839,admin_legacy,RUN_RESILIENCE_PIPELINE,SA_EAST_RU_01:PUMP_RU_01,SUCCESS
2026-02-26T02:22:14.136148,admin_legacy,RUN_RESILIENCE_PIPELINE,SA_EAST_RU_01:PUMP_RU_01,SUCCESS
2026-02-26T02:22:18.123381,admin_legacy,RUN_RESILIENCE_PIPELINE,SA_EAST_RU_01:PUMP_RU_01,SUCCESS
2026-02-26T02:22:22.133190,admin_legacy,RUN_RESILIENCE_PIPELINE,SA_EAST_RU_01:PUMP_RU_01,SUCCESS
2026-02-26T02:22:26.132301,admin_legacy,RUN_RESILIENCE_PIPELINE,SA_EAST_RU_01:PUMP_RU_01,SUCCESS
2026-02-26T02:22:30.139959,admin_legacy,RUN_RESILIENCE_PIPELINE,SA_EAST_RU_01:PUMP_RU_01,SUCCESS
2026-02-26T02:22:34.133166,admin_legacy,RUN_RESILIENCE_PIPELINE,SA_EAST_RU_01:PUMP_RU_01,SUCCESS
2026-02-26T02:22:38.126387,admin_legacy,RUN_RESILIENCE_PIPELINE,SA_EAST_RU_01:PUMP_RU_01,SUCCESS
2026-02-26T02:22:42.134296,admin_legacy,RUN_RESILIENCE_PIPELINE,SA_EAST_RU_01:PUMP_RU_01,SUCCESS
2026-02-26T02:22:46.119499,admin_legacy,RUN_RESILIENCE_PIPELINE,SA_EAST_RU_01:PUMP_RU_01,SUCCESS
2026-02-26T02:22:50.133909,admin_legacy,RUN_RESILIENCE_PIPELINE,SA_EAST_RU_01:PUMP_RU_01,SUCCESS
2026-02-26T02:22:54.134799,admin_legacy,RUN_RESILIENCE_PIPELINE,SA_EAST_RU_01:PUMP_RU_01,SUCCESS
2026-02-26T02:22:58.132778,admin_legacy,RUN_RESILIENCE_PIPELINE,SA_EAST_RU_01:PUMP_RU_01,SUCCESS
2026-02-26T02:23:02.127272,admin_legacy,RUN_RESILIENCE_PIPELINE,SA_EAST_RU_01:PUMP_RU_01,SUCCESS
2026-02-26T02:23:06.137446,admin_legacy,RUN_RESILIENCE_PIPELINE,SA_EAST_RU_01:PUMP_RU_01,SUCCESS
2026-02-26T02:23:10.133011,admin_legacy,RUN_RESILIENCE_PIPELINE,SA_EAST_RU_01:PUMP_RU_01,SUCCESS
2026-02-26T02:23:14.118130,admin_legacy,RUN_RESILIENCE_PIPELINE,SA_EAST_RU_01:PUMP_RU_01,SUCCESS
2026-02-26T02:23:18.123445,admin_legacy,RUN_RESILIENCE_PIPELINE,SA_EAST_RU_01:PUMP_RU_01,SUCCESS
2026-02-26T02:23:22.136841,admin_legacy,RUN_RESILIENCE_PIPELINE,SA_EAST_RU_01:PUMP_RU_01,SUCCESS
2026-02-26T02:23:26.133358,admin_legacy,RUN_RESILIENCE_PIPELINE,SA_EAST_RU_01:PUMP_RU_01,SUCCESS
2026-02-26T02:23:30.134277,admin_legacy,RUN_RESILIENCE_PIPELINE,SA_EAST_RU_01:PUMP_RU_01,SUCCESS
2026-02-26T02:23:34.133619,admin_legacy,RUN_RESILIENCE_PIPELINE,SA_EAST_RU_01:PUMP_RU_01,SUCCESS
2026-02-26T02:23:38.137748,admin_legacy,RUN_RESILIENCE_PIPELINE,SA_EAST_RU_01:PUMP_RU_01,SUCCESS
2026-02-26T02:23:42.134913,admin_legacy,RUN_RESILIENCE_PIPELINE,SA_EAST_RU_01:PUMP_RU_01,SUCCESS
2026-02-26T02:23:46.130691,admin_legacy,RUN_RESILIENCE_PIPELINE,SA_EAST_RU_01:PUMP_RU_01,SUCCESS
2026-02-26T02:23:50.135803,admin_legacy,RUN_RESILIENCE_PIPELINE,SA_EAST_RU_01:PUMP_RU_01,SUCCESS
2026-02-26T02:23:54.125666,admin_legacy,RUN_RESILIENCE_PIPELINE,SA_EAST_RU_01:PUMP_RU_01,SUCCESS
2026-02-26T02:23:58.133768,admin_legacy,RUN_RESILIENCE_PIPELINE,SA_EAST_RU_01:PUMP_RU_01,SUCCESS
2026-02-26T02:24:02.136884,admin_legacy,RUN_RESILIENCE_PIPELINE,SA_EAST_RU_01:PUMP_RU_01,SUCCESS
2026-02-26T02:24:06.133062,admin_legacy,RUN_RESILIENCE_PIPELINE,SA_EAST_RU_01:PUMP_RU_01,SUCCESS
2026-02-26T02:24:10.133166,admin_legacy,RUN_RESILIENCE_PIPELINE,SA_EAST_RU_01:PUMP_RU_01,SUCCESS
2026-02-26T02:24:14.129265,admin_legacy,RUN_RESILIENCE_PIPELINE,SA_EAST_RU_01:PUMP_RU_01,SUCCESS
2026-02-26T02:24:18.135533,admin_legacy,RUN_RESILIENCE_PIPELINE,SA_EAST_RU_01:PUMP_RU_01,SUCCESS
2026-02-26T02:24:22.133262,admin_legacy,RUN_RESILIENCE_PIPELINE,SA_EAST_RU_01:PUMP_RU_01,SUCCESS
2026-02-26T02:24:26.135950,admin_legacy,RUN_RESILIENCE_PIPELINE,SA_EAST_RU_01:PUMP_RU_01,SUCCESS
2026-02-26T02:24:30.137374,admin_legacy,RUN_RESILIENCE_PIPELINE,SA_EAST_RU_01:PUMP_RU_01,SUCCESS
2026-02-26T02:24:34.130754,admin_legacy,RUN_RESILIENCE_PIPELINE,SA_EAST_RU_01:PUMP_RU_01,SUCCESS
2026-02-26T02:24:38.130646,admin_legacy,RUN_RESILIENCE_PIPELINE,SA_EAST_RU_01:PUMP_RU_01,SUCCESS
2026-02-26T02:24:42.129939,admin_legacy,RUN_RESILIENCE_PIPELINE,SA_EAST_RU_01:PUMP_RU_01,SUCCESS
2026-02-26T02:24:46.139838,admin_legacy,RUN_RESILIENCE_PIPELINE,SA_EAST_RU_01:PUMP_RU_01,SUCCESS
2026-02-26T02:24:50.125162,admin_legacy,RUN_RESILIENCE_PIPELINE,SA_EAST_RU_01:PUMP_RU_01,SUCCESS
2026-02-26T02:24:54.133927,admin_legacy,RUN_RESILIENCE_PIPELINE,SA_EAST_RU_01:PUMP_RU_01,SUCCESS
2026-02-26T02:24:58.133951,admin_legacy,RUN_RESILIENCE_PIPELINE,SA_EAST_RU_01:PUMP_RU_01,SUCCESS
2026-02-26T02:25:02.117267,admin_legacy,RUN_RESILIENCE_PIPELINE,SA_EAST_RU_01:PUMP_RU_01,SUCCESS
2026-02-26T02:25:06.133544,admin_legacy,RUN_RESILIENCE_PIPELINE,SA_EAST_RU_01:PUMP_RU_01,SUCCESS
2026-02-26T02:25:10.135857,admin_legacy,RUN_RESILIENCE_PIPELINE,SA_EAST_RU_01:PUMP_RU_01,SUCCESS
2026-02-26T02:25:14.123465,admin_legacy,RUN_RESILIENCE_PIPELINE,SA_EAST_RU_01:PUMP_RU_01,SUCCESS
2026-02-26T02:25:18.137106,admin_legacy,RUN_RESILIENCE_PIPELINE,SA_EAST_RU_01:PUMP_RU_01,SUCCESS
2026-02-26T02:25:22.130844,admin_legacy,RUN_RESILIENCE_PIPELINE,SA_EAST_RU_01:PUMP_RU_01,SUCCESS
2026-02-26T02:25:26.130721,admin_legacy,RUN_RESILIENCE_PIPELINE,SA_EAST_RU_01:PUMP_RU_01,SUCCESS
2026-02-26T02:25:30.136945,admin_legacy,RUN_RESILIENCE_PIPELINE,SA_EAST_RU_01:PUMP_RU_01,SUCCESS
2026-02-26T02:25:34.133526,admin_legacy,RUN_RESILIENCE_PIPELINE,SA_EAST_RU_01:PUMP_RU_01,SUCCESS
2026-02-26T02:25:38.127105,admin_legacy,RUN_RESILIENCE_PIPELINE,SA_EAST_RU_01:PUMP_RU_01,SUCCESS
2026-02-26T02:25:42.133174,admin_legacy,RUN_RESILIENCE_PIPELINE,SA_EAST_RU_01:PUMP_RU_01,SUCCESS
2026-02-26T02:25:46.135862,admin_legacy,RUN_RESILIENCE_PIPELINE,SA_EAST_RU_01:PUMP_RU_01,SUCCESS
2026-02-26T02:25:50.134175,admin_legacy,RUN_RESILIENCE_PIPELINE,SA_EAST_RU_01:PUMP_RU_01,SUCCESS
2026-02-26T02:25:54.129738,admin_legacy,RUN_RESILIENCE_PIPELINE,SA_EAST_RU_01:PUMP_RU_01,SUCCESS
2026-02-26T02:25:58.133491,admin_legacy,RUN_RESILIENCE_PIPELINE,SA_EAST_RU_01:PUMP_RU_01,SUCCESS
2026-02-26T02:26:02.137423,admin_legacy,RUN_RESILIENCE_PIPELINE,SA_EAST_RU_01:PUMP_RU_01,SUCCESS
2026-02-26T02:26:06.130871,admin_legacy,RUN_RESILIENCE_PIPELINE,SA_EAST_RU_01:PUMP_RU_01,SUCCESS
2026-02-26T02:26:10.124010,admin_legacy,RUN_RESILIENCE_PIPELINE,SA_EAST_RU_01:PUMP_RU_01,SUCCESS
2026-02-26T02:26:14.135967,admin_legacy,RUN_RESILIENCE_PIPELINE,SA_EAST_RU_01:PUMP_RU_01,SUCCESS
2026-02-26T02:26:18.125242,admin_legacy,RUN_RESILIENCE_PIPELINE,SA_EAST_RU_01:PUMP_RU_01,SUCCESS
2026-02-26T02:26:22.130729,admin_legacy,RUN_RESILIENCE_PIPELINE,SA_EAST_RU_01:PUMP_RU_01,SUCCESS
2026-02-26T02:26:26.134689,admin_legacy,RUN_RESILIENCE_PIPELINE,SA_EAST_RU_01:PUMP_RU_01,SUCCESS
2026-02-26T02:26:30.119461,admin_legacy,RUN_RESILIENCE_PIPELINE,SA_EAST_RU_01:PUMP_RU_01,SUCCESS
2026-02-26T02:26:34.133530,admin_legacy,RUN_RESILIENCE_PIPELINE,SA_EAST_RU_01:PUMP_RU_01,SUCCESS
2026-02-26T02:26:38.129655,admin_legacy,RUN_RESILIENCE_PIPELINE,SA_EAST_RU_01:PUMP_RU_01,SUCCESS
2026-02-26T02:26:42.135715,admin_legacy,RUN_RESILIENCE_PIPELINE,SA_EAST_RU_01:PUMP_RU_01,SUCCESS
2026-02-26T02:26:46.130654,admin_legacy,RUN_RESILIENCE_PIPELINE,SA_EAST_RU_01:PUMP_RU_01,SUCCESS
2026-02-26T02:26:50.130606,admin_legacy,RUN_RESILIENCE_PIPELINE,SA_EAST_RU_01:PUMP_RU_01,SUCCESS
2026-02-26T02:26:54.133893,admin_legacy,RUN_RESILIENCE_PIPELINE,SA_EAST_RU_01:PUMP_RU_01,SUCCESS
2026-02-26T02:26:58.138473,admin_legacy,RUN_RESILIENCE_PIPELINE,SA_EAST_RU_01:PUMP_RU_01,SUCCESS
2026-02-26T02:27:02.130813,admin_legacy,RUN_RESILIENCE_PIPELINE,SA_EAST_RU_01:PUMP_RU_01,SUCCESS
2026-02-26T02:27:06.130680,admin_legacy,RUN_RESILIENCE_PIPELINE,SA_EAST_RU_01:PUMP_RU_01,SUCCESS
2026-02-26T02:27:10.133105,admin_legacy,RUN_RESILIENCE_PIPELINE,SA_EAST_RU_01:PUMP_RU_01,SUCCESS
2026-02-26T02:27:14.132960,admin_legacy,RUN_RESILIENCE_PIPELINE,SA_EAST_RU_01:PUMP_RU_01,SUCCESS
2026-02-26T02:27:18.133192,admin_legacy,RUN_RESILIENCE_PIPELINE,SA_EAST_RU_01:PUMP_RU_01,SUCCESS
2026-02-26T02:27:22.136031,admin_legacy,RUN_RESILIENCE_PIPELINE,SA_EAST_RU_01:PUMP_RU_01,SUCCESS
2026-02-26T02:27:26.133453,admin_legacy,RUN_RESILIENCE_PIPELINE,SA_EAST_RU_01:PUMP_RU_01,SUCCESS
2026-02-26T02:27:30.135042,admin_legacy,RUN_RESILIENCE_PIPELINE,SA_EAST_RU_01:PUMP_RU_01,SUCCESS
2026-02-26T02:27:34.133364,admin_legacy,RUN_RESILIENCE_PIPELINE,SA_EAST_RU_01:PUMP_RU_01,SUCCESS
2026-02-26T02:27:38.133309,admin_legacy,RUN_RESILIENCE_PIPELINE,SA_EAST_RU_01:PUMP_RU_01,SUCCESS
2026-02-26T02:27:42.136132,admin_legacy,RUN_RESILIENCE_PIPELINE,SA_EAST_RU_01:PUMP_RU_01,SUCCESS
2026-02-26T02:27:46.125489,admin_legacy,RUN_RESILIENCE_PIPELINE,SA_EAST_RU_01:PUMP_RU_01,SUCCESS
2026-02-26T02:27:50.135160,admin_legacy,RUN_RESILIENCE_PIPELINE,SA_EAST_RU_01:PUMP_RU_01,SUCCESS
2026-02-26T02:27:54.126759,admin_legacy,RUN_RESILIENCE_PIPELINE,SA_EAST_RU_01:PUMP_RU_01,SUCCESS
2026-02-26T02:27:58.133531,admin_legacy,RUN_RESILIENCE_PIPELINE,SA_EAST_RU_01:PUMP_RU_01,SUCCESS
2026-02-26T02:28:02.135100,admin_legacy,RUN_RESILIENCE_PIPELINE,SA_EAST_RU_01:PUMP_RU_01,SUCCESS
2026-02-26T02:28:06.129377,admin_legacy,RUN_RESILIENCE_PIPELINE,SA_EAST_RU_01:PUMP_RU_01,SUCCESS
2026-02-26T02:28:10.130747,admin_legacy,RUN_RESILIENCE_PIPELINE,SA_EAST_RU_01:PUMP_RU_01,SUCCESS
2026-02-26T02:28:14.135123,admin_legacy,RUN_RESILIENCE_PIPELINE,SA_EAST_RU_01:PUMP_RU_01,SUCCESS
2026-02-26T02:28:18.128390,admin_legacy,RUN_RESILIENCE_PIPELINE,SA_EAST_RU_01:PUMP_RU_01,SUCCESS
2026-02-26T02:28:22.131180,admin_legacy,RUN_RESILIENCE_PIPELINE,SA_EAST_RU_01:PUMP_RU_01,SUCCESS
2026-02-26T02:28:26.129193,admin_legacy,RUN_RESILIENCE_PIPELINE,SA_EAST_RU_01:PUMP_RU_01,SUCCESS
2026-02-26T02:28:30.131525,admin_legacy,RUN_RESILIENCE_PIPELINE,SA_EAST_RU_01:PUMP_RU_01,SUCCESS
2026-02-26T02:28:34.129972,admin_legacy,RUN_RESILIENCE_PIPELINE,SA_EAST_RU_01:PUMP_RU_01,SUCCESS
2026-02-26T02:28:38.138704,admin_legacy,RUN_RESILIENCE_PIPELINE,SA_EAST_RU_01:PUMP_RU_01,SUCCESS
2026-02-26T02:28:42.129508,admin_legacy,RUN_RESILIENCE_PIPELINE,SA_EAST_RU_01:PUMP_RU_01,SUCCESS
2026-02-26T02:28:46.129738,admin_legacy,RUN_RESILIENCE_PIPELINE,SA_EAST_RU_01:PUMP_RU_01,SUCCESS
2026-02-26T02:28:50.129454,admin_legacy,RUN_RESILIENCE_PIPELINE,SA_EAST_RU_01:PUMP_RU_01,SUCCESS
2026-02-26T02:28:54.134384,admin_legacy,RUN_RESILIENCE_PIPELINE,SA_EAST_RU_01:PUMP_RU_01,SUCCESS
2026-02-26T02:28:58.131433,admin_legacy,RUN_RESILIENCE_PIPELINE,SA_EAST_RU_01:PUMP_RU_01,SUCCESS
2026-02-26T02:29:02.133389,admin_legacy,RUN_RESILIENCE_PIPELINE,SA_EAST_RU_01:PUMP_RU_01,SUCCESS
2026-02-26T02:29:06.135077,admin_legacy,RUN_RESILIENCE_PIPELINE,SA_EAST_RU_01:PUMP_RU_01,SUCCESS
2026-02-26T02:29:10.134440,admin_legacy,RUN_RESILIENCE_PIPELINE,SA_EAST_RU_01:PUMP_RU_01,SUCCESS
2026-02-26T02:29:14.131613,admin_legacy,RUN_RESILIENCE_PIPELINE,SA_EAST_RU_01:PUMP_RU_01,SUCCESS
2026-02-26T02:29:18.134436,admin_legacy,RUN_RESILIENCE_PIPELINE,SA_EAST_RU_01:PUMP_RU_01,SUCCESS
2026-02-26T02:29:22.131544,admin_legacy,RUN_RESILIENCE_PIPELINE,SA_EAST_RU_01:PUMP_RU_01,SUCCESS
2026-02-26T02:29:26.135729,admin_legacy,RUN_RESILIENCE_PIPELINE,SA_EAST_RU_01:PUMP_RU_01,SUCCESS
2026-02-26T02:29:30.136735,admin_legacy,RUN_RESILIENCE_PIPELINE,SA_EAST_RU_01:PUMP_RU_01,SUCCESS
2026-02-26T02:29:34.133750,admin_legacy,RUN_RESILIENCE_PIPELINE,SA_EAST_RU_01:PUMP_RU_01,SUCCESS
2026-02-26T02:29:38.124935,admin_legacy,RUN_RESILIENCE_PIPELINE,SA_EAST_RU_01:PUMP_RU_01,SUCCESS
2026-02-26T02:29:42.131882,admin_legacy,RUN_RESILIENCE_PIPELINE,SA_EAST_RU_01:PUMP_RU_01,SUCCESS
2026-02-26T02:29:46.131734,admin_legacy,RUN_RESILIENCE_PIPELINE,SA_EAST_RU_01:PUMP_RU_01,SUCCESS
2026-02-26T02:29:50.133879,admin_legacy,RUN_RESILIENCE_PIPELINE,SA_EAST_RU_01:PUMP_RU_01,SUCCESS
2026-02-26T02:29:54.130462,admin_legacy,RUN_RESILIENCE_PIPELINE,SA_EAST_RU_01:PUMP_RU_01,SUCCESS
2026-02-26T02:29:58.134122,admin_legacy,RUN_RESILIENCE_PIPELINE,SA_EAST_RU_01:PUMP_RU_01,SUCCESS
2026-02-26T02:30:02.124132,admin_legacy,RUN_RESILIENCE_PIPELINE,SA_EAST_RU_01:PUMP_RU_01,SUCCESS
2026-02-26T02:30:06.143041,admin_legacy,RUN_RESILIENCE_PIPELINE,SA_EAST_RU_01:PUMP_RU_01,SUCCESS
2026-02-26T02:30:10.145828,admin_legacy,RUN_RESILIENCE_PIPELINE,SA_EAST_RU_01:PUMP_RU_01,SUCCESS
2026-02-26T02:30:14.123210,admin_legacy,RUN_RESILIENCE_PIPELINE,SA_EAST_RU_01:PUMP_RU_01,SUCCESS
2026-02-26T02:30:18.121257,admin_legacy,RUN_RESILIENCE_PIPELINE,SA_EAST_RU_01:PUMP_RU_01,SUCCESS
2026-02-26T02:30:22.133723,admin_legacy,RUN_RESILIENCE_PIPELINE,SA_EAST_RU_01:PUMP_RU_01,SUCCESS
2026-02-26T02:30:26.135907,admin_legacy,RUN_RESILIENCE_PIPELINE,SA_EAST_RU_01:PUMP_RU_01,SUCCESS
2026-02-26T02:30:30.136461,admin_legacy,RUN_RESILIENCE_PIPELINE,SA_EAST_RU_01:PUMP_RU_01,SUCCESS
2026-02-26T02:30:34.120869,admin_legacy,RUN_RESILIENCE_PIPELINE,SA_EAST_RU_01:PUMP_RU_01,SUCCESS
2026-02-26T02:30:38.125682,admin_legacy,RUN_RESILIENCE_PIPELINE,SA_EAST_RU_01:PUMP_RU_01,SUCCESS
2026-02-26T02:30:42.136024,admin_legacy,RUN_RESILIENCE_PIPELINE,SA_EAST_RU_01:PUMP_RU_01,SUCCESS
2026-02-26T02:30:46.136139,admin_legacy,RUN_RESILIENCE_PIPELINE,SA_EAST_RU_01:PUMP_RU_01,SUCCESS
2026-02-26T02:30:50.133917,admin_legacy,RUN_RESILIENCE_PIPELINE,SA_EAST_RU_01:PUMP_RU_01,SUCCESS
2026-02-26T02:30:54.119336,admin_legacy,RUN_RESILIENCE_PIPELINE,SA_EAST_RU_01:PUMP_RU_01,SUCCESS
2026-02-26T02:30:58.124928,admin_legacy,RUN_RESILIENCE_PIPELINE,SA_EAST_RU_01:PUMP_RU_01,SUCCESS
2026-02-26T02:31:02.133063,admin_legacy,RUN_RESILIENCE_PIPELINE,SA_EAST_RU_01:PUMP_RU_01,SUCCESS
2026-02-26T02:31:06.133308,admin_legacy,RUN_RESILIENCE_PIPELINE,SA_EAST_RU_01:PUMP_RU_01,SUCCESS
2026-02-26T02:31:10.120006,admin_legacy,RUN_RESILIENCE_PIPELINE,SA_EAST_RU_01:PUMP_RU_01,SUCCESS
2026-02-26T02:31:14.143952,admin_legacy,RUN_RESILIENCE_PIPELINE,SA_EAST_RU_01:PUMP_RU_01,SUCCESS
2026-02-26T02:31:18.137680,admin_legacy,RUN_RESILIENCE_PIPELINE,SA_EAST_RU_01:PUMP_RU_01,SUCCESS
2026-02-26T02:31:22.177022,admin_legacy,RUN_RESILIENCE_PIPELINE,SA_EAST_RU_01:PUMP_RU_01,SUCCESS
2026-02-26T02:31:26.142504,admin_legacy,RUN_RESILIENCE_PIPELINE,SA_EAST_RU_01:PUMP_RU_01,SUCCESS
2026-02-26T02:31:30.152778,admin_legacy,RUN_RESILIENCE_PIPELINE,SA_EAST_RU_01:PUMP_RU_01,SUCCESS
2026-02-26T02:31:34.132071,admin_legacy,RUN_RESILIENCE_PIPELINE,SA_EAST_RU_01:PUMP_RU_01,SUCCESS
2026-02-26T02:31:38.135848,admin_legacy,RUN_RESILIENCE_PIPELINE,SA_EAST_RU_01:PUMP_RU_01,SUCCESS
2026-02-26T02:31:42.131002,admin_legacy,RUN_RESILIENCE_PIPELINE,SA_EAST_RU_01:PUMP_RU_01,SUCCESS
2026-02-26T02:31:46.129422,admin_legacy,RUN_RESILIENCE_PIPELINE,SA_EAST_RU_01:PUMP_RU_01,SUCCESS
2026-02-26T02:31:50.122443,admin_legacy,RUN_RESILIENCE_PIPELINE,SA_EAST_RU_01:PUMP_RU_01,SUCCESS
2026-02-26T02:31:54.131324,admin_legacy,RUN_RESILIENCE_PIPELINE,SA_EAST_RU_01:PUMP_RU_01,SUCCESS
2026-02-26T02:31:58.130949,admin_legacy,RUN_RESILIENCE_PIPELINE,SA_EAST_RU_01:PUMP_RU_01,SUCCESS
2026-02-26T02:32:02.131706,admin_legacy,RUN_RESILIENCE_PIPELINE,SA_EAST_RU_01:PUMP_RU_01,SUCCESS
2026-02-26T02:32:06.138126,admin_legacy,RUN_RESILIENCE_PIPELINE,SA_EAST_RU_01:PUMP_RU_01,SUCCESS
2026-02-26T02:32:10.113222,admin_legacy,RUN_RESILIENCE_PIPELINE,SA_EAST_RU_01:PUMP_RU_01,SUCCESS
2026-02-26T02:32:14.431049,admin_legacy,RUN_RESILIENCE_PIPELINE,SA_EAST_RU_01:PUMP_RU_01,SUCCESS
2026-02-26T02:32:17.371302,admin_legacy,RUN_RESILIENCE_PIPELINE,SA_EAST_RU_01:PUMP_RU_01,SUCCESS
2026-02-26T02:32:18.704383,admin_legacy,RUN_RESILIENCE_PIPELINE,SA_EAST_RU_01:PUMP_RU_01,SUCCESS
2026-02-26T02:32:21.379226,admin_legacy,RUN_RESILIENCE_PIPELINE,SA_EAST_RU_01:PUMP_RU_01,SUCCESS
2026-02-26T02:32:22.747196,admin_legacy,RUN_RESILIENCE_PIPELINE,SA_EAST_RU_01:PUMP_RU_01,SUCCESS
2026-02-26T02:32:25.379936,admin_legacy,RUN_RESILIENCE_PIPELINE,SA_EAST_RU_01:PUMP_RU_01,SUCCESS
2026-02-26T02:32:26.712065,admin_legacy,RUN_RESILIENCE_PIPELINE,SA_EAST_RU_01:PUMP_RU_01,SUCCESS
2026-02-26T02:32:29.719604,admin_legacy,RUN_RESILIENCE_PIPELINE,SA_EAST_RU_01:PUMP_RU_01,SUCCESS
2026-02-26T02:32:30.721008,admin_legacy,RUN_RESILIENCE_PIPELINE,SA_EAST_RU_01:PUMP_RU_01,SUCCESS
2026-02-26T02:32:33.718970,admin_legacy,RUN_RESILIENCE_PIPELINE,SA_EAST_RU_01:PUMP_RU_01,SUCCESS
2026-02-26T02:32:34.716903,admin_legacy,RUN_RESILIENCE_PIPELINE,SA_EAST_RU_01:PUMP_RU_01,SUCCESS
2026-02-26T02:32:37.718828,admin_legacy,RUN_RESILIENCE_PIPELINE,SA_EAST_RU_01:PUMP_RU_01,SUCCESS
2026-02-26T02:32:38.718283,admin_legacy,RUN_RESILIENCE_PIPELINE,SA_EAST_RU_01:PUMP_RU_01,SUCCESS
2026-02-26T02:32:41.739649,admin_legacy,RUN_RESILIENCE_PIPELINE,SA_EAST_RU_01:PUMP_RU_01,SUCCESS
2026-02-26T02:32:42.725433,admin_legacy,RUN_RESILIENCE_PIPELINE,SA_EAST_RU_01:PUMP_RU_01,SUCCESS
2026-02-26T02:32:45.711847,admin_legacy,RUN_RESILIENCE_PIPELINE,SA_EAST_RU_01:PUMP_RU_01,SUCCESS
2026-02-26T02:32:46.708561,admin_legacy,RUN_RESILIENCE_PIPELINE,SA_EAST_RU_01:PUMP_RU_01,SUCCESS
2026-02-26T02:32:49.705857,admin_legacy,RUN_RESILIENCE_PIPELINE,SA_EAST_RU_01:PUMP_RU_01,SUCCESS
2026-02-26T02:32:50.705941,admin_legacy,RUN_RESILIENCE_PIPELINE,SA_EAST_RU_01:PUMP_RU_01,SUCCESS
2026-02-26T02:32:53.724920,admin_legacy,RUN_RESILIENCE_PIPELINE,SA_EAST_RU_01:PUMP_RU_01,SUCCESS
2026-02-26T02:32:54.701241,admin_legacy,RUN_RESILIENCE_PIPELINE,SA_EAST_RU_01:PUMP_RU_01,SUCCESS
2026-02-26T02:32:57.711707,admin_legacy,RUN_RESILIENCE_PIPELINE,SA_EAST_RU_01:PUMP_RU_01,SUCCESS
2026-02-26T02:32:58.701644,admin_legacy,RUN_RESILIENCE_PIPELINE,SA_EAST_RU_01:PUMP_RU_01,SUCCESS
2026-02-26T02:33:01.695690,admin_legacy,RUN_RESILIENCE_PIPELINE,SA_EAST_RU_01:PUMP_RU_01,SUCCESS
2026-02-26T02:33:02.701781,admin_legacy,RUN_RESILIENCE_PIPELINE,SA_EAST_RU_01:PUMP_RU_01,SUCCESS
2026-02-26T02:33:05.704502,admin_legacy,RUN_RESILIENCE_PIPELINE,SA_EAST_RU_01:PUMP_RU_01,SUCCESS
2026-02-26T02:33:06.701341,admin_legacy,RUN_RESILIENCE_PIPELINE,SA_EAST_RU_01:PUMP_RU_01,SUCCESS
2026-02-26T02:33:09.716012,admin_legacy,RUN_RESILIENCE_PIPELINE,SA_EAST_RU_01:PUMP_RU_01,SUCCESS
2026-02-26T02:33:10.710503,admin_legacy,RUN_RESILIENCE_PIPELINE,SA_EAST_RU_01:PUMP_RU_01,SUCCESS
2026-02-26T02:33:13.708655,admin_legacy,RUN_RESILIENCE_PIPELINE,SA_EAST_RU_01:PUMP_RU_01,SUCCESS
2026-02-26T02:33:14.702637,admin_legacy,RUN_RESILIENCE_PIPELINE,SA_EAST_RU_01:PUMP_RU_01,SUCCESS
2026-02-26T02:33:17.708935,admin_legacy,RUN_RESILIENCE_PIPELINE,SA_EAST_RU_01:PUMP_RU_01,SUCCESS
2026-02-26T02:33:21.718049,admin_legacy,RUN_RESILIENCE_PIPELINE,SA_EAST_RU_01:PUMP_RU_01,SUCCESS
2026-02-26T02:34:18.025310,admin_legacy,RUN_RESILIENCE_PIPELINE,SA_EAST_RU_01:PUMP_RU_01,SUCCESS
2026-02-26T02:34:18.031565,admin_legacy,RUN_RESILIENCE_PIPELINE,SA_EAST_RU_01:PUMP_RU_01,SUCCESS
2026-02-26T02:35:17.706990,admin_legacy,RUN_RESILIENCE_PIPELINE,SA_EAST_RU_01:PUMP_RU_01,SUCCESS
2026-02-26T02:35:17.715632,admin_legacy,RUN_RESILIENCE_PIPELINE,SA_EAST_RU_01:PUMP_RU_01,SUCCESS
2026-02-26T02:36:17.701202,admin_legacy,RUN_RESILIENCE_PIPELINE,SA_EAST_RU_01:PUMP_RU_01,SUCCESS
2026-02-26T02:36:17.710931,admin_legacy,RUN_RESILIENCE_PIPELINE,SA_EAST_RU_01:PUMP_RU_01,SUCCESS
2026-02-26T02:37:07.848000,admin_legacy,RUN_RESILIENCE_PIPELINE,SA_EAST_RU_01:PUMP_RU_01,SUCCESS
2026-02-26T02:37:09.384058,admin_legacy,RUN_RESILIENCE_PIPELINE,SA_EAST_RU_01:PUMP_RU_01,SUCCESS
2026-02-26T02:37:18.072614,admin_legacy,RUN_RESILIENCE_PIPELINE,SA_EAST_RU_01:PUMP_RU_01,SUCCESS
2026-02-26T02:38:17.717016,admin_legacy,RUN_RESILIENCE_PIPELINE,SA_EAST_RU_01:PUMP_RU_01,SUCCESS
2026-02-26T02:39:18.024946,admin_legacy,RUN_RESILIENCE_PIPELINE,SA_EAST_RU_01:PUMP_RU_01,SUCCESS
2026-02-26T02:40:17.711499,admin_legacy,RUN_RESILIENCE_PIPELINE,SA_EAST_RU_01:PUMP_RU_01,SUCCESS
2026-02-26T02:54:23.418563,admin_legacy,RUN_RESILIENCE_PIPELINE,SA_EAST_RU_01:PUMP_RU_01,SUCCESS
2026-02-26T02:54:26.145252,admin_legacy,RUN_RESILIENCE_PIPELINE,SA_EAST_RU_01:PUMP_RU_01,SUCCESS
2026-02-26T02:54:30.134193,admin_legacy,RUN_RESILIENCE_PIPELINE,SA_EAST_RU_01:PUMP_RU_01,SUCCESS
2026-02-26T02:54:34.131619,admin_legacy,RUN_RESILIENCE_PIPELINE,SA_EAST_RU_01:PUMP_RU_01,SUCCESS
2026-02-26T02:54:38.142802,admin_legacy,RUN_RESILIENCE_PIPELINE,SA_EAST_RU_01:PUMP_RU_01,SUCCESS
2026-02-26T02:54:42.124116,admin_legacy,RUN_RESILIENCE_PIPELINE,SA_EAST_RU_01:PUMP_RU_01,SUCCESS
2026-02-26T02:54:46.138773,admin_legacy,RUN_RESILIENCE_PIPELINE,SA_EAST_RU_01:PUMP_RU_01,SUCCESS
2026-02-26T02:54:50.130580,admin_legacy,RUN_RESILIENCE_PIPELINE,SA_EAST_RU_01:PUMP_RU_01,SUCCESS
2026-02-26T02:54:54.131795,admin_legacy,RUN_RESILIENCE_PIPELINE,SA_EAST_RU_01:PUMP_RU_01,SUCCESS
2026-02-26T02:54:58.131979,admin_legacy,RUN_RESILIENCE_PIPELINE,SA_EAST_RU_01:PUMP_RU_01,SUCCESS
2026-02-26T02:55:02.713856,admin_legacy,RUN_RESILIENCE_PIPELINE,SA_EAST_RU_01:PUMP_RU_01,SUCCESS
2026-02-26T02:55:06.702761,admin_legacy,RUN_RESILIENCE_PIPELINE,SA_EAST_RU_01:PUMP_RU_01,SUCCESS
2026-02-26T02:55:10.706392,admin_legacy,RUN_RESILIENCE_PIPELINE,SA_EAST_RU_01:PUMP_RU_01,SUCCESS
2026-02-26T02:55:14.700140,admin_legacy,RUN_RESILIENCE_PIPELINE,SA_EAST_RU_01:PUMP_RU_01,SUCCESS
2026-02-26T02:55:18.707961,admin_legacy,RUN_RESILIENCE_PIPELINE,SA_EAST_RU_01:PUMP_RU_01,SUCCESS
2026-02-26T02:55:22.701399,admin_legacy,RUN_RESILIENCE_PIPELINE,SA_EAST_RU_01:PUMP_RU_01,SUCCESS
2026-02-26T02:55:26.701729,admin_legacy,RUN_RESILIENCE_PIPELINE,SA_EAST_RU_01:PUMP_RU_01,SUCCESS
2026-02-26T02:55:30.704842,admin_legacy,RUN_RESILIENCE_PIPELINE,SA_EAST_RU_01:PUMP_RU_01,SUCCESS
2026-02-26T02:55:34.716602,admin_legacy,RUN_RESILIENCE_PIPELINE,SA_EAST_RU_01:PUMP_RU_01,SUCCESS
2026-02-26T02:55:38.711802,admin_legacy,RUN_RESILIENCE_PIPELINE,SA_EAST_RU_01:PUMP_RU_01,SUCCESS
2026-02-26T02:55:42.714338,admin_legacy,RUN_RESILIENCE_PIPELINE,SA_EAST_RU_01:PUMP_RU_01,SUCCESS
2026-02-26T02:55:46.710709,admin_legacy,RUN_RESILIENCE_PIPELINE,SA_EAST_RU_01:PUMP_RU_01,SUCCESS
2026-02-26T02:55:50.710670,admin_legacy,RUN_RESILIENCE_PIPELINE,SA_EAST_RU_01:PUMP_RU_01,SUCCESS
2026-02-26T02:55:54.699449,admin_legacy,RUN_RESILIENCE_PIPELINE,SA_EAST_RU_01:PUMP_RU_01,SUCCESS
2026-02-26T02:55:58.708881,admin_legacy,RUN_RESILIENCE_PIPELINE,SA_EAST_RU_01:PUMP_RU_01,SUCCESS
2026-02-26T02:56:12.883984,admin_legacy,RUN_RESILIENCE_PIPELINE,SA_EAST_RU_01:PUMP_RU_01,SUCCESS
2026-02-26T02:56:17.742281,admin_legacy,RUN_RESILIENCE_PIPELINE,SA_EAST_RU_01:PUMP_RU_01,SUCCESS
2026-02-26T02:56:35.892776,admin_legacy,RUN_RESILIENCE_PIPELINE,EMEA_COAST_02:PUMP_RU_01,SUCCESS
2026-02-26T02:57:18.042244,admin_legacy,RUN_RESILIENCE_PIPELINE,SA_EAST_RU_01:PUMP_RU_01,SUCCESS
2026-02-26T02:57:47.292929,admin_legacy,RUN_RESILIENCE_PIPELINE,SA_EAST_RU_01:PUMP_RU_01,SUCCESS
2026-02-26T02:57:50.126552,admin_legacy,RUN_RESILIENCE_PIPELINE,SA_EAST_RU_01:PUMP_RU_01,SUCCESS
2026-02-26T02:57:54.557787,admin_legacy,RUN_RESILIENCE_PIPELINE,SA_EAST_RU_01:PUMP_RU_01,SUCCESS
2026-02-26T03:08:54.082992,admin_legacy,RUN_RESILIENCE_PIPELINE,SA_EAST_RU_01:PUMP_01,SUCCESS
2026-02-26T03:11:30.718850,admin_legacy,RUN_RESILIENCE_PIPELINE,EMEA_COAST_02:PUMP_01,SUCCESS
2026-02-26T03:12:19.808441,admin_legacy,RUN_RESILIENCE_PIPELINE,EMEA_COAST_02:PUMP_01,SUCCESS
2026-02-26T03:13:31.886215,admin_legacy,RUN_RESILIENCE_PIPELINE,EMEA_COAST_02:PUMP_01,SUCCESS
2026-02-26T03:14:50.354396,admin_legacy,RUN_RESILIENCE_PIPELINE,EMEA_COAST_02:PUMP_01,SUCCESS
2026-02-26T03:17:56.425078,admin_legacy,RUN_RESILIENCE_PIPELINE,EMEA_COAST_02:PUMP_01,SUCCESS
2026-02-26T03:20:14.729169,admin_legacy,RUN_RESILIENCE_PIPELINE,EMEA_COAST_02:PUMP_01,SUCCESS
2026-02-26T03:26:17.739754,admin_legacy,RUN_RESILIENCE_PIPELINE,SA_EAST_RU_01:PUMP_RU_01,SUCCESS
2026-02-26T03:27:55.745978,admin_legacy,RUN_RESILIENCE_PIPELINE,SA_EAST_RU_01:PUMP_RU_01,SUCCESS
2026-02-26T03:27:59.201848,admin_legacy,RUN_RESILIENCE_PIPELINE,SA_EAST_RU_01:PUMP_RU_01,SUCCESS
2026-02-26T03:28:00.135123,admin_legacy,RUN_RESILIENCE_PIPELINE,SA_EAST_RU_01:PUMP_RU_01,SUCCESS
2026-02-26T03:28:00.381726,admin_legacy,RUN_RESILIENCE_PIPELINE,SA_EAST_RU_01:PUMP_RU_01,SUCCESS
2026-02-26T03:28:00.664714,admin_legacy,RUN_RESILIENCE_PIPELINE,SA_EAST_RU_01:PUMP_RU_01,SUCCESS
2026-02-26T03:28:02.204346,admin_legacy,RUN_RESILIENCE_PIPELINE,SA_EAST_RU_01:PUMP_RU_01,SUCCESS
2026-02-26T03:28:03.352791,admin_legacy,RUN_RESILIENCE_PIPELINE,SA_EAST_RU_01:PUMP_RU_01,SUCCESS
2026-02-26T03:28:18.359278,admin_legacy,RUN_RESILIENCE_PIPELINE,SA_EAST_RU_01:PUMP_RU_01,SUCCESS
2026-02-26T03:28:25.619677,admin_legacy,RUN_RESILIENCE_PIPELINE,SA_EAST_RU_01:PUMP_RU_01,SUCCESS
2026-02-26T03:28:34.138009,admin_legacy,RUN_RESILIENCE_PIPELINE,SA_EAST_RU_01:PUMP_RU_01,SUCCESS
2026-02-26T03:43:48.497201,admin_legacy,RUN_RESILIENCE_PIPELINE,SA_EAST_RU_01:PUMP_RU_01,SUCCESS
2026-02-26T03:45:29.093860,admin_legacy,RUN_RESILIENCE_PIPELINE,SA_EAST_RU_01:PUMP_RU_01,SUCCESS
2026-02-26T03:45:29.864175,admin_legacy,RUN_RESILIENCE_PIPELINE,SA_EAST_RU_01:PUMP_RU_01,SUCCESS
2026-02-26T03:45:30.139978,admin_legacy,RUN_RESILIENCE_PIPELINE,SA_EAST_RU_01:PUMP_RU_01,SUCCESS
2026-02-26T03:45:30.749511,admin_legacy,RUN_RESILIENCE_PIPELINE,SA_EAST_RU_01:PUMP_RU_01,SUCCESS
2026-02-26T03:45:31.747850,admin_legacy,RUN_RESILIENCE_PIPELINE,SA_EAST_RU_01:PUMP_RU_01,SUCCESS
2026-02-26T03:45:32.048296,admin_legacy,RUN_RESILIENCE_PIPELINE,SA_EAST_RU_01:PUMP_RU_01,SUCCESS
2026-02-26T03:45:33.442673,admin_legacy,RUN_RESILIENCE_PIPELINE,SA_EAST_RU_01:PUMP_RU_01,SUCCESS
2026-02-26T03:45:34.906193,admin_legacy,RUN_RESILIENCE_PIPELINE,SA_EAST_RU_01:PUMP_RU_01,SUCCESS
2026-02-26T03:45:35.178720,admin_legacy,RUN_RESILIENCE_PIPELINE,SA_EAST_RU_01:PUMP_RU_01,SUCCESS
2026-02-26T03:45:35.833745,admin_legacy,RUN_RESILIENCE_PIPELINE,SA_EAST_RU_01:PUMP_RU_01,SUCCESS
2026-02-26T03:45:37.075038,admin_legacy,RUN_RESILIENCE_PIPELINE,SA_EAST_RU_01:PUMP_RU_01,SUCCESS
2026-02-26T03:45:37.855358,admin_legacy,RUN_RESILIENCE_PIPELINE,SA_EAST_RU_01:PUMP_RU_01,SUCCESS
2026-02-26T03:52:11.807563,admin_legacy,RUN_RESILIENCE_PIPELINE,SA_EAST_RU_01:PUMP_RU_01,SUCCESS
2026-02-26T03:52:21.554919,admin_legacy,RUN_RESILIENCE_PIPELINE,EMEA_COAST_02:PUMP_RU_01,SUCCESS
2026-02-26T04:04:11.564759,admin_legacy,RUN_RESILIENCE_PIPELINE,SA_EAST_RU_01:PUMP_RU_01,SUCCESS
2026-02-26T04:21:58.797447,admin_legacy,RUN_RESILIENCE_PIPELINE,SA_EAST_RU_01:PUMP_RU_01,SUCCESS
2026-02-26T04:38:07.431979,admin_legacy,RUN_RESILIENCE_PIPELINE,SA_EAST_RU_01:PUMP_RU_01,SUCCESS
2026-02-26T04:47:40.563375,admin_legacy,RUN_RESILIENCE_PIPELINE,SA_EAST_RU_01:PUMP_RU_01,SUCCESS
2026-02-26T04:52:26.469304,admin_legacy,RUN_RESILIENCE_PIPELINE,SA_EAST_RU_01:PUMP_RU_01,SUCCESS
2026-02-26T05:20:43.779816,admin_legacy,RUN_RESILIENCE_PIPELINE,SA_EAST_RU_01:PUMP_RU_01,SUCCESS
2026-02-26T05:20:47.020355,admin_legacy,RUN_RESILIENCE_PIPELINE,SA_EAST_RU_01:PUMP_RU_01,SUCCESS
2026-02-26T05:20:49.614401,admin_legacy,RUN_RESILIENCE_PIPELINE,SA_EAST_RU_01:PUMP_RU_01,SUCCESS
2026-02-26T05:20:52.715487,admin_legacy,RUN_RESILIENCE_PIPELINE,SA_EAST_RU_01:PUMP_RU_01,SUCCESS
2026-02-26T05:21:08.894012,admin_legacy,RUN_RESILIENCE_PIPELINE,SA_EAST_RU_01:PUMP_RU_01,SUCCESS
2026-02-26T05:21:12.573688,admin_legacy,RUN_RESILIENCE_PIPELINE,SA_EAST_RU_01:PUMP_RU_01,SUCCESS
2026-02-26T05:21:12.913442,admin_legacy,RUN_RESILIENCE_PIPELINE,SA_EAST_RU_01:PUMP_RU_01,SUCCESS
2026-02-26T05:21:14.230045,admin_legacy,RUN_RESILIENCE_PIPELINE,SA_EAST_RU_01:PUMP_RU_01,SUCCESS
2026-02-26T05:21:17.231152,admin_legacy,RUN_RESILIENCE_PIPELINE,SA_EAST_RU_01:PUMP_RU_01,SUCCESS
2026-02-26T05:21:20.410781,admin_legacy,RUN_RESILIENCE_PIPELINE,EMEA_COAST_02:PUMP_RU_01,SUCCESS
2026-02-26T05:29:02.563823,admin_legacy,RUN_RESILIENCE_PIPELINE,SA_EAST_RU_01:PUMP_RU_01,SUCCESS
2026-02-26T05:29:24.826450,admin_legacy,RUN_RESILIENCE_PIPELINE,SA_EAST_RU_01:PUMP_RU_01,SUCCESS
2026-02-26T05:29:26.137690,admin_legacy,RUN_RESILIENCE_PIPELINE,SA_EAST_RU_01:PUMP_RU_01,SUCCESS
2026-02-26T05:36:30.777105,admin_legacy,RUN_RESILIENCE_PIPELINE,SA_EAST_RU_01:PUMP_RU_01,SUCCESS
2026-02-26T05:42:06.693279,admin_legacy,RUN_RESILIENCE_PIPELINE,SA_EAST_RU_01:PUMP_RU_01,SUCCESS
2026-02-26T05:42:13.851828,admin_legacy,RUN_RESILIENCE_PIPELINE,SA_EAST_RU_01:PUMP_RU_01,SUCCESS
2026-02-26T05:43:31.900343,admin_legacy,RUN_RESILIENCE_PIPELINE,SA_EAST_RU_01:PUMP_RU_01,SUCCESS
2026-02-26T05:43:34.149935,admin_legacy,RUN_RESILIENCE_PIPELINE,SA_EAST_RU_01:PUMP_RU_01,SUCCESS
2026-02-26T05:43:35.560248,admin_legacy,RUN_RESILIENCE_PIPELINE,SA_EAST_RU_01:PUMP_RU_01,SUCCESS
2026-02-26T05:43:43.257670,admin_legacy,RUN_RESILIENCE_PIPELINE,SA_EAST_RU_01:PUMP_RU_01,SUCCESS
